{"ad_spend": 0.3474789915966387, "prev_sales": 0.36890756302521005, "season": 0.28361344537815125}